file|transcript
clip_0001.mp3|Although it was raining heavily, the football match continued without delay.
clip_0002.mp3|In recent years, remote work has moved from being a novelty to becoming a norm for many companies around the world. Technological advances, high-speed internet, video conferencing tools, and cloud-based software have made it possible for employees to collaborate effectively without being physically present in the same office. However, with these benefits come challenges, maintaining team cohesion, ensuring work-life balance, and avoiding feelings of isolation among workers, employers and employees alike are still learning how to adapt policies and habits to make remote work productive and sustainable over time.
clip_0003.mp3|In 2015, Anna Smith completed her master's degree in mathematics from the University of Sydney. After her studies, she started working as a high school teacher in Melbourne. She taught mathematics and helped students prepare for competitive exams. After four years, she was promoted to head of the mathematics department at her school. In 2021, she moved to Brisbane and joined a college as a lecturer in mathematics. She is known for making difficult topics simple and interesting for her students.
clip_0004.mp3|When the results were announced, most of the students celebrated, while a few planned to reappear for improvement.
clip_0005.mp3|Despite facing technical issues during the presentation, the team delivered their project confidently.
clip_0006.mp3|Climate change is one of the most pressing challenges facing the modern world. Rising global temperatures, melting ice caps, and increasing frequency of extreme weather events have raised serious concerns among scientists and policymakers. While governments are working on international agreements to reduce greenhouse gas emissions, individual actions also play a significant role. Simple lifestyle changes, such as conserving energy, reducing waste, and using public transportation, can collectively make a meaningful impact. The urgency of the situation calls for cooperation at every level, global, national, and personal.
clip_0007.mp3|With the rapid growth of technology, online education has become a preferred mode of learning for many students. It offers flexibility, affordability, and access to a wide range of courses from anywhere in the world. However, online learning also presents challenges such as reduced personal interaction, distractions at home, and the need for strong self-discipline. Despite these drawbacks, its popularity continues to rise, especially among working professionals and students in remote areas.
clip_0008.mp3|The railway station was unusually crowded because several trains had been delayed by heavy rainfall.
clip_0009.mp3|The College Canteen introduced a new menu this week, offering both healthy and fast food options for students.
clip_0010.mp3|The students were excited about the industrial visit, but the trip was postponed due to unexpected weather conditions.
clip_0011.mp3|Although the seminar started late, the speaker managed to cover all the important topics within the allotted time.
clip_0012.mp3|The museum was closed for renovation, so the tourists decided to visit the park instead.
clip_0013.mp3|Many people prefer online shopping, but some still enjoy visiting traditional markets.
clip_0014.mp3|The teacher reminded the students to submit their assignments before Friday evening.
clip_0015.mp3|Technology has changed the way people communicate, learn, and work. Professionals must continuously improve their skills to remain relevant in a rapidly changing environment.
clip_0016.mp3|Teamwork helps individuals combine their strengths and ideas to achieve common goals. Effective communication and mutual respect are essential for successful collaboration.
clip_0017.mp3|Learning should continue even after graduation. Developing new skills and gaining knowledge can help individuals adapt to changing industry requirements and future opportunities.
clip_0018.mp3|Clear communication helps people express their ideas effectively. Listening carefully is equally important because successful communication requires understanding as well as speaking.
clip_0019.mp3|Problem solving requires patience, logical thinking, and creativity. Instead of worrying about challenges, individuals should analyze situations and identify practical solutions.
clip_0020.mp3|Effective time management helps individuals complete important tasks without unnecessary stress. Planning daily activities and setting priorities can significantly improve productivity and performance.
clip_0021.mp3|Adaptability allows professionals to respond positively to change. Learning new technologies and accepting unfamiliar responsibilities can create valuable opportunities for personal and professional growth.
clip_0022.mp3|Innovation often begins with curiosity and observation. Finding better ways to solve existing problems can improve processes, products, and services in meaningful ways.
clip_0023.mp3|Leadership involves taking responsibility and helping others achieve common objectives. A good leader listens carefully, communicates clearly, and remains competent during difficult situations.
clip_0024.mp3|Confidence develops through preparation and experience. Individuals should believe in their abilities while remaining open to feedback and willing to improve continuously.
clip_0025.mp3|Artificial intelligence is transforming the way people work and communicate. Many organizations use AI to automate repetitive tasks and analyze large amounts of information. However, human creativity and decision-making remain important. The future workplace will require professionals to understand technology while continuously developing their problem-solving and communication skills.
clip_0026.mp3|Remote work has changed traditional workplace practices. Employees can collaborate with colleagues from different locations using digital tools and communication platforms. While remote work provides flexibility, it also requires discipline and effective time management. Professionals must learn to remain productive while maintaining clear communication with their teams.
clip_0027.mp3|Graduation is not the end of learning but the beginning of a professional journey. Technology and industry requirements change rapidly, making continuous learning essential. Professionals who regularly improve their knowledge and skills are better prepared for new opportunities. A positive attitude towards learning can contribute significantly to long-term career growth.
clip_0028.mp3|Successful projects often depend on effective teamwork. Every team member brings different skills, ideas, and experiences to the group. Listening to others and respecting different opinions can improve the quality of decisions. When team members communicate openly and support one another, they can solve complex problems more efficiently.
clip_0029.mp3|Time is one of the most valuable resources available to every individual. Effective time management helps people prioritize important tasks and reduce unnecessary stress. Creating a daily schedule and setting realistic goals can improve productivity. Small improvements in managing time consistently can eventually lead to significant personal and professional achievements.
clip_0030.mp3|Problems are a natural part of both academic and professional life. Instead of becoming discouraged, individuals should analyze the situation and identify possible solutions. A good problem solver remains calm, gathers relevant information, and evaluates different alternatives. This ability becomes especially valuable when working under pressure or facing unexpected challenges.
clip_0031.mp3|As organizations increasingly depend on digital systems, cyber security has become an important concern. Sensitive information must be protected from unauthorized access and online threats. Employees also play an important role by following security practices and remaining alert. Awareness, responsible behavior, and proper technology can help organizations reduce potential risks.
clip_0032.mp3|Innovation does not always require creating something completely new. Sometimes, improving an existing process or finding a simpler solution can also be innovative. Organizations encourage employees to share ideas and experiment with different approaches. A curious mindset and willingness to learn from failure are important qualities for innovation.
clip_0033.mp3|Effective communication involves more than simply speaking confidently. It requires listening carefully, understanding the audience, and expressing ideas clearly. In professional environments, misunderstandings can affect productivity and teamwork. Developing strong communication skills helps individuals build relationships, share information effectively, and create a positive impression during important interactions.
clip_0034.mp3|Digital transformation is changing the way organizations deliver products and services. Companies are adopting technologies such as cloud computing, data analytics, and automation to improve efficiency. However, successful transformation also depends on people adapting to change. Employees must be willing to learn new tools and develop relevant skills.
clip_0035.mp3|The committee's decision, though cloaked in bureaucratic jargon, was essentially a reluctant concession to mounting public discontent.
clip_0036.mp3|The diplomats carefully calibrated silence conveyed more resolve than any vehement declaration could have achieved.
